Hisse,Strateji,Getiri (%),Max Kayip (%),Sharpe Orani,Calmar Orani,Kar Faktoru,Islem Sayisi
AAPL,single_ma,1.15,25.83,0.2,0.04,1.02,31
AAPL,two_ma,12.08,23.03,0.51,0.51,1.52,9
AAPL,three_ma,-20.55,32.93,-0.77,-0.61,0.37,14
AAPL,channel,-21.78,27.07,-0.97,-0.79,0.45,44
MSFT,single_ma,9.17,22.3,0.43,0.4,1.16,29
MSFT,two_ma,15.02,20.12,0.62,0.73,1.65,7
MSFT,three_ma,-1.75,16.62,0.06,-0.1,0.94,13
MSFT,channel,-19.97,30.38,-0.99,-0.64,0.56,53
AMZN,single_ma,-16.05,45.47,-0.26,-0.35,0.8,44
AMZN,two_ma,-46.9,54.53,-1.45,-0.85,0.19,13
AMZN,three_ma,-28.83,38.2,-0.98,-0.74,0.3,15
AMZN,channel,-8.08,30.4,-0.23,-0.26,0.87,43
NVDA,single_ma,-43.02,47.65,-0.9,-0.89,0.54,43
NVDA,two_ma,23.05,27.77,0.69,0.81,1.68,11
NVDA,three_ma,-22.5,38.41,-0.52,-0.57,0.56,18
NVDA,channel,6.3,15.55,0.38,0.4,1.14,51
AXP,single_ma,6.96,30.29,0.37,0.22,1.12,37
AXP,two_ma,-6.18,24.24,-0.02,-0.25,0.79,8
AXP,three_ma,-17.28,23.06,-0.56,-0.73,0.43,14
AXP,channel,-12.18,18.43,-0.52,-0.65,0.74,48
BA,single_ma,-6.0,29.32,0.06,-0.2,0.92,36
BA,two_ma,-36.07,51.62,-0.84,-0.69,0.34,9
BA,three_ma,-21.0,23.21,-0.56,-0.89,0.54,14
BA,channel,6.64,16.51,0.41,0.39,1.15,58
CAT,single_ma,94.91,25.51,1.78,3.61,2.1,28
CAT,two_ma,138.84,22.51,2.31,5.97,6.08,4
CAT,three_ma,100.45,15.12,2.05,6.45,5.17,10
CAT,channel,-23.08,37.31,-0.94,-0.61,0.55,41
CSCO,single_ma,-4.64,41.34,0.05,-0.11,0.93,50
CSCO,two_ma,36.97,24.67,1.06,1.46,2.61,8
CSCO,three_ma,20.73,25.96,0.76,0.78,1.59,15
CSCO,channel,-28.33,35.88,-1.2,-0.78,0.41,37
CVX,single_ma,-27.5,37.65,-0.93,-0.72,0.61,61
CVX,two_ma,-1.85,22.04,0.08,-0.08,0.93,8
CVX,three_ma,-10.16,27.65,-0.38,-0.36,0.76,17
CVX,channel,-13.42,17.53,-0.79,-0.75,0.63,44
DIS,single_ma,-9.49,37.78,-0.14,-0.25,0.88,44
DIS,two_ma,-16.34,33.67,-0.4,-0.48,0.22,7
DIS,three_ma,-0.95,19.42,0.07,-0.05,0.97,14
DIS,channel,-8.96,20.83,-0.35,-0.42,0.76,42
GS,single_ma,-16.81,36.9,-0.3,-0.45,0.81,44
GS,two_ma,68.73,16.2,1.66,4.13,9.08,6
GS,three_ma,45.55,14.76,1.43,3.01,4.48,10
GS,channel,-17.96,26.72,-0.74,-0.66,0.6,48
HD,single_ma,25.61,17.35,0.96,1.44,1.58,35
HD,two_ma,-9.05,24.38,-0.23,-0.36,0.63,10
HD,three_ma,-1.82,15.01,0.02,-0.12,0.92,12
HD,channel,-11.8,18.8,-0.68,-0.62,0.69,48
HON,single_ma,-30.63,32.36,-1.01,-0.93,0.53,48
HON,two_ma,-9.85,28.71,-0.2,-0.34,0.69,10
HON,three_ma,-19.25,22.94,-0.8,-0.82,0.49,14
HON,channel,1.91,18.27,0.19,0.1,1.05,49
IBM,single_ma,-29.18,47.5,-0.58,-0.6,0.69,43
IBM,two_ma,29.52,24.34,0.84,1.18,5.97,7
IBM,three_ma,-19.33,35.76,-0.52,-0.53,0.63,13
IBM,channel,-10.37,30.38,-0.25,-0.33,0.8,42
INTC,single_ma,17.46,64.68,0.6,0.26,1.15,42
INTC,two_ma,-14.56,68.62,0.23,-0.21,0.84,13
INTC,three_ma,48.25,39.45,0.89,1.19,1.72,14
INTC,channel,52.54,35.77,1.12,1.43,1.48,42
JNJ,single_ma,-5.4,22.24,-0.12,-0.24,0.9,39
JNJ,two_ma,38.84,17.1,1.58,2.21,3.3,7
JNJ,three_ma,27.45,11.24,1.45,2.38,2.31,13
JNJ,channel,-20.95,25.23,-2.0,-0.81,0.43,50
JPM,single_ma,-25.87,39.25,-0.85,-0.65,0.6,43
JPM,two_ma,-19.08,35.9,-0.62,-0.52,0.54,12
JPM,three_ma,-19.35,22.52,-0.86,-0.84,0.52,14
JPM,channel,-11.89,17.74,-0.9,-0.66,0.66,50
KO,single_ma,-17.88,28.85,-0.79,-0.61,0.63,57
KO,two_ma,-13.14,23.34,-0.61,-0.55,0.36,11
KO,three_ma,-17.05,20.62,-1.15,-0.81,0.23,17
KO,channel,4.25,7.76,0.41,0.54,1.16,49
MCD,single_ma,-12.85,32.95,-0.5,-0.38,0.68,42
MCD,two_ma,3.51,14.36,0.27,0.24,1.36,10
MCD,three_ma,-3.01,14.92,-0.1,-0.2,0.83,14
MCD,channel,0.35,6.2,0.08,0.06,1.02,51
MMM,single_ma,-22.7,34.39,-0.61,-0.65,0.61,49
MMM,two_ma,-54.72,59.38,-2.25,-0.91,0.06,13
MMM,three_ma,-29.9,41.26,-1.2,-0.71,0.27,15
MMM,channel,29.75,9.27,1.51,3.13,2.31,48
MRK,single_ma,-6.53,22.38,-0.02,-0.29,0.89,39
MRK,two_ma,5.1,32.85,0.31,0.15,1.15,9
MRK,three_ma,-29.03,36.05,-1.13,-0.79,0.26,15
MRK,channel,-20.23,20.93,-1.2,-0.95,0.56,44
MS,single_ma,-17.56,37.53,-0.35,-0.46,0.78,40
MS,two_ma,52.16,18.85,1.42,2.7,5.15,4
MS,three_ma,41.87,13.37,1.33,3.05,7.26,9
MS,channel,-29.07,32.32,-1.72,-0.88,0.46,46
NKE,single_ma,-34.05,51.2,-0.72,-0.65,0.67,52
NKE,two_ma,1.96,48.89,0.24,0.04,1.02,14
NKE,three_ma,-4.92,28.24,0.02,-0.17,0.91,17
NKE,channel,12.76,15.08,0.69,0.83,1.32,43
PG,single_ma,-33.9,35.27,-1.63,-0.94,0.38,50
PG,two_ma,-17.56,17.89,-0.76,-0.96,0.05,9
PG,three_ma,-27.3,28.45,-1.78,-0.94,0.11,19
PG,channel,9.38,7.07,0.83,1.3,1.45,44
TRV,single_ma,-34.75,42.74,-1.57,-0.8,0.31,41
TRV,two_ma,-37.91,43.26,-1.89,-0.86,0.17,15
TRV,three_ma,-29.79,33.27,-1.91,-0.88,0.13,16
TRV,channel,-12.68,15.61,-1.14,-0.8,0.55,44
UNH,single_ma,57.75,37.03,1.15,1.52,1.59,39
UNH,two_ma,6.08,37.22,0.37,0.16,1.12,8
UNH,three_ma,7.57,30.06,0.4,0.25,1.15,12
UNH,channel,-47.37,50.56,-2.0,-0.92,0.3,48
V,single_ma,-17.55,33.61,-0.57,-0.51,0.62,41
V,two_ma,-12.14,33.17,-0.36,-0.36,0.53,15
V,three_ma,-25.04,28.64,-1.27,-0.86,0.25,19
V,channel,1.23,8.46,0.16,0.14,1.05,46
VZ,single_ma,-42.23,52.28,-1.74,-0.79,0.41,64
VZ,two_ma,-10.77,24.69,-0.29,-0.43,0.63,12
VZ,three_ma,-28.61,35.17,-1.63,-0.8,0.33,21
VZ,channel,-12.24,13.18,-0.83,-0.91,0.61,33
WMT,single_ma,-42.33,48.73,-1.62,-0.85,0.41,46
WMT,two_ma,-21.85,29.6,-0.72,-0.72,0.4,13
WMT,three_ma,-36.5,39.78,-1.89,-0.9,0.2,16
WMT,channel,1.85,9.71,0.19,0.19,1.06,37
CRM,single_ma,-27.46,47.67,-0.57,-0.57,0.71,44
CRM,two_ma,-43.02,52.71,-1.31,-0.8,0.12,9
CRM,three_ma,-34.68,43.86,-1.22,-0.78,0.39,18
CRM,channel,-24.63,26.17,-1.02,-0.92,0.55,42
